Joseph,Sears,"vel,"
Kelly,Bradley,nisi.
Iliana,Barrett,sodales
Madeson,Cannon,"eu,"
Latifah,Rodriquez,diam.
Hanae,Pacheco,"non,"
Colette,Sharpe,habitant
Caesar,Cotton,"quis,"
Myles,Schroeder,mus.
Dylan,Lewis,elit.
Ignacia,Snider,sed
Dane,Coffey,imperdiet
Maia,Meyer,in
Destiny,Johnson,Proin
Cade,Hebert,dapibus
Callum,Garcia,mi
Reese,Jones,ultricies
Renee,Petersen,Nulla
Kenyon,Gutierrez,fringilla
Emi,Butler,eu
Ezekiel,Roy,mus.
Faith,Wallace,augue
Clayton,Sweeney,Proin
Felix,Blackwell,vel
Fallon,Cannon,nulla
Ashton,Gibbs,"dui,"
Ali,Leon,Suspendisse
Zane,Madden,Curabitur
Idona,Heath,diam
Ocean,Whitfield,Donec
Haviva,Gomez,lacus.
Norman,Sharpe,erat
Jerome,Burt,sagittis
Dale,Hyde,Vivamus
Melodie,Carey,In
Cain,Park,aliquet
Zachary,Shelton,fermentum
Gillian,Mcbride,mauris
Garrison,Finch,Suspendisse
Daniel,Kinney,cursus
Dieter,Holmes,venenatis
Xavier,Francis,Duis
Martha,Lyons,fringilla
Anne,Mccarthy,Duis
Camden,Caldwell,adipiscing
Lewis,Guthrie,libero.
Leah,Sullivan,in
Deanna,Diaz,pharetra.
Jackson,Salazar,at
Plato,Hooper,interdum
Yen,French,Proin
Benjamin,Aguirre,turpis.
Beau,Snow,convallis
Christian,Goodwin,tempus
Jarrod,Meadows,ipsum
Tanya,Page,a
Maisie,Gill,Integer
Maxine,Osborn,Nulla
Maggy,Cox,magnis
Ursula,Patrick,neque
Pandora,Hebert,Vivamus
Raja,Wolfe,eu
Amity,Lester,velit
Howard,Larsen,fringilla.
Justina,Diaz,Mauris
Darrel,Wilkins,Nunc
Jessica,Clarke,eros.
Dominic,Greene,Nulla
Unity,Drake,arcu.
Vladimir,Hinton,lorem.
Lavinia,Gallegos,urna.
Kaden,Marks,In
Savannah,Wyatt,gravida
Edan,Flynn,sed
Guy,Mercer,nibh
Iona,Lang,venenatis
Winter,Mccullough,velit
Jin,Velazquez,sociis
Liberty,Pate,"orci,"
Serina,Finley,"elit,"
Owen,Moody,faucibus
Chloe,Hester,vitae
Aileen,Shepard,sem
Colleen,Merritt,dictum
Elliott,Pennington,consectetuer
Cally,Buckner,hendrerit
Malachi,Stanley,nisi
Xandra,Beard,Duis
Abigail,Castro,Mauris
Aimee,Dawson,elit
Naomi,Tyson,eu
Eagan,Noel,"id,"
Summer,Winters,euismod
Zoe,Acosta,ridiculus
Althea,Rivas,ac
Nevada,Landry,est
Jasmine,Mccarty,fringilla
Casey,Wood,dolor
Byron,Bullock,sapien.
Alexander,Jefferson,ante.
